INSERT INTO Monstros (id, nome, fraquezas, resistencias, habitat, drop_materiais) VALUES
(1, 'Anjanath', 'Água', 'Fogo', 'Ancient Forest', 'Material de Anjanath'),
(2, 'Rathalos', 'Dragão', 'Fogo', 'Ancient Forest', 'Material de Rathalos'),
(3, 'Rathian', 'Dragão', 'Fogo', 'Wildspire Waste', 'Material de Rathian'),
(4, 'Diablos', 'Gelo', 'Fogo', 'Wildspire Waste', 'Material de Diablos'),
(5, 'Legiana', 'Fogo', 'Gelo', 'Coral Highlands', 'Material de Legiana'),
(6, 'Nergigante', 'Trovão', 'Dragão', 'Elder''s Recess', 'Material de Nergigante'),
(7, 'Kushala Daora', 'Fogo', 'Vento', 'Elder''s Recess', 'Material de Kushala Daora'),
(8, 'Teostra', 'Gelo', 'Fogo', 'Elder''s Recess', 'Material de Teostra'),
(9, 'Xeno''jiiva', 'Dragão', 'Fogo', 'Confluence of Fates', 'Material de Xeno''jiiva'),
(10, 'Zorah Magdaros', 'Dragão', 'Fogo', 'The Everstream', 'Material de Zorah Magdaros'),
(11, 'Vaal Hazak', 'Fogo', 'Dragão', 'Rotten Vale', 'Material de Vaal Hazak'),
(12, 'Odogaron', 'Gelo', 'Fogo', 'Rotten Vale', 'Material de Odogaron'),
(13, 'Pukei-Pukei', 'Trovão', 'Água', 'Ancient Forest', 'Material de Pukei-Pukei'),
(14, 'Tobi-Kadachi', 'Água', 'Trovão', 'Ancient Forest', 'Material de Tobi-Kadachi'),
(15, 'Barroth', 'Fogo', 'Água', 'Wildspire Waste', 'Material de Barroth'),
(16, 'Jyuratodus', 'Trovão', 'Água', 'Wildspire Waste', 'Material de Jyuratodus'),
(17, 'Paolumu', 'Trovão', 'Vento', 'Coral Highlands', 'Material de Paolumu'),
(18, 'Radobaan', 'Dragão', 'Trovão', 'Rotten Vale', 'Material de Radobaan'),
(19, 'Bazelgeuse', 'Gelo', 'Fogo', 'Elder''s Recess', 'Material de Bazelgeuse'),
(20, 'Lavasioth', 'Água', 'Fogo', 'Elder''s Recess', 'Material de Lavasioth'),
(21, 'Uragaan', 'Água', 'Fogo', 'Elder''s Recess', 'Material de Uragaan'),
(22, 'Behemoth', 'Gelo', 'Fogo', 'Elder''s Recess', 'Material de Behemoth'),
(23, 'Kulve Taroth', 'Gelo', 'Fogo', 'Caverns of El Dorado', 'Material de Kulve Taroth'),
(24, 'Velkhana', 'Fogo', 'Gelo', 'Hoarfrost Reach', 'Material de Velkhana'),
(25, 'Banbaro', 'Fogo', 'Gelo', 'Hoarfrost Reach', 'Material de Banbaro'),
(26, 'Beotodus', 'Trovão', 'Gelo', 'Hoarfrost Reach', 'Material de Beotodus'),
(27, 'Nargacuga', 'Trovão', 'Fogo', 'Ancient Forest', 'Material de Nargacuga'),
(28, 'Glavenus', 'Água', 'Fogo', 'Wildspire Waste', 'Material de Glavenus'),
(29, 'Brachydios', 'Gelo', 'Fogo', 'Elder''s Recess', 'Material de Brachydios'),
(30, 'Namielle', 'Trovão', 'Água', 'Coral Highlands', 'Material de Namielle'),
(31, 'Zinogre', 'Gelo', 'Trovão', 'Coral Highlands', 'Material de Zinogre'),
(32, 'Shara Ishvalda', 'Dragão', 'Fogo', 'Guiding Lands', 'Material de Shara Ishvalda'),
(33, 'Black Diablos', 'Gelo', 'Fogo', 'Wildspire Waste', 'Material de Black Diablos'),
(34, 'Azure Rathalos', 'Dragão', 'Fogo', 'Ancient Forest', 'Material de Azure Rathalos'),
(35, 'Pink Rathian', 'Dragão', 'Fogo', 'Wildspire Waste', 'Material de Pink Rathian'),
(36, 'Savage Deviljho', 'Dragão', 'Fogo', 'Ancient Forest', 'Material de Savage Deviljho'),
(37, 'Fulgur Anjanath', 'Água', 'Trovão', 'Hoarfrost Reach', 'Material de Fulgur Anjanath'),
(38, 'Acidic Glavenus', 'Fogo', 'Água', 'Rotten Vale', 'Material de Acidic Glavenus'),
(39, 'Nightshade Paolumu', 'Trovão', 'Vento', 'Coral Highlands', 'Material de Nightshade Paolumu'),
(40, 'Ebony Odogaron', 'Gelo', 'Fogo', 'Rotten Vale', 'Material de Ebony Odogaron'),
(41, 'Ruiner Nergigante', 'Trovão', 'Dragão', 'Guiding Lands', 'Material de Ruiner Nergigante'),
(42, 'Scarred Yian Garuga', 'Gelo', 'Fogo', 'Guiding Lands', 'Material de Scarred Yian Garuga'),
(43, 'Seething Bazelgeuse', 'Gelo', 'Fogo', 'Guiding Lands', 'Material de Seething Bazelgeuse'),
(44, 'Safi''jiiva', 'Dragão', 'Fogo', 'Safi''jiiva Siege', 'Material de Safi''jiiva'),
(45, 'Alatreon', 'Gelo', 'Fogo', 'Secluded Valley', 'Material de Alatreon'),
(46, 'Fatalis', 'Dragão', 'Fogo', 'Castle Schrade', 'Material de Fatalis'),
(47, 'Gold Rathian', 'Dragão', 'Fogo', 'Guiding Lands', 'Material de Gold Rathian'),
(48, 'Silver Rathalos', 'Dragão', 'Fogo', 'Guiding Lands', 'Material de Silver Rathalos'),
(49, 'Lunastra', 'Gelo', 'Fogo', 'Elder''s Recess', 'Material de Lunastra'),
(50, 'Giant Mogu', 'Dragão', 'Fogo', 'Demon Valley', 'Material de Giant Mogu');

INSERT INTO Armas (nome, tipo, ataque, elemento, afinidade, id_monstro) VALUES
('Wyvern Blade "Holly"', 'Espada Longa', 858, 'Fogo', 10, 2),
('Divine Slasher', 'Espada Longa', 990, 'Nenhum', 0, 6),
('Reaver "Calamity"', 'Espada Longa', 924, 'Dragão', -20, 9),
('Empress Sword "Styx"', 'Espada Longa', 858, 'Explosão', 10, 8),
('Xeno Cypher', 'Espada Longa', 858, 'Dragão', 0, 9),
('Extermination\'s Edge', 'Espada Longa', 924, 'Dragão', -20, 6),
('Rathalos Gleamsword', 'Espada Longa', 858, 'Fogo', 10, 2),
('Taroth Sword "Fire"', 'Espada Longa', 858, 'Fogo', 10, 23),
('Chrome Knight Sword', 'Espada Curta', 252, 'Nenhum', 0, 1),
('Corona', 'Espada Curta', 252, 'Fogo', 10, 2),
('Legacy Bang', 'Espada Curta', 210, 'Nenhum', 0, 3),
('Rogue Wave IV', 'Espada Curta', 210, 'Água', 0, 13),
('Icicle Spike', 'Espada Curta', 210, 'Gelo', 0, 5),
('Royal Rose', 'Espada Curta', 252, 'Veneno', 10, 3),
('Lumu Nightmare', 'Espada Curta', 210, 'Sono', 0, 17),
('Datura Florescence', 'Espada Curta', 210, 'Paralisia', 0, 13),
('Chrome Drill', 'Lança', 299, 'Nenhum', 0, 1),
('Incessant Raven', 'Lança', 299, 'Nenhum', 0, 6),
('Legiana Halberd', 'Lança', 299, 'Gelo', 0, 5),
('Nyx Halberd', 'Lança', 299, 'Veneno', 0, 3),
('Minqar al-Nasr', 'Lança', 299, 'Nenhum', 0, 4),
('Tusk Lance', 'Lança', 299, 'Nenhum', 0, 4),
('Gama Drill', 'Lança', 299, 'Explosão', 0, 8),
('Hidden Hastur', 'Lança', 299, 'Paralisia', 0, 6),
('Defender Powerbow', 'Arco', 204, 'Nenhum', 0, 1),
('Anja Arch', 'Arco', 204, 'Fogo', 0, 1),
('Kulve Taroth Bow', 'Arco', 204, 'Fogo', 0, 23),
('Safi\'jiiva Bow', 'Arco', 204, 'Dragão', 0, 9),
('Alatreon Commandment', 'Arco', 204, 'Dragão', 0, 45),
('Bow of Vice & Violence', 'Arco', 204, 'Explosão', 0, 6),
('Legia Snowfletcher', 'Arco', 204, 'Gelo', 0, 5),
('Rath Bow', 'Arco', 204, 'Fogo', 0, 2),
('Royal Burst', 'Gunlance', 299, 'Nenhum', 0, 1),
('Kjarr Buster "Bomber"', 'Gunlance', 299, 'Explosão', 0, 23),
('Earthshaker Magda Lahat', 'Gunlance', 299, 'Explosão', 0, 10),
('Insatiable Gunlance', 'Gunlance', 299, 'Explosão', 0, 6),
('True Fatalis Gunlance', 'Gunlance', 299, 'Dragão', 0, 46),
('Lightbreak Gunlance', 'Gunlance', 299, 'Explosão', 0, 6),
('Zorah Magdaros Gunlance', 'Gunlance', 299, 'Explosão', 0, 10),
('Empress Gunlance "Styx"', 'Gunlance', 299, 'Explosão', 0, 8),
('Diablos Shatterer', 'Martelo', 1196, 'Nenhum', -25, 4),
('Taroth Hammer "Sleep"', 'Martelo', 1040, 'Sono', 0, 23),
('Empress Mace "Styx"', 'Martelo', 936, 'Explosão', 10, 8),
('Xeno Maliq', 'Martelo', 884, 'Dragão', 0, 9),
('Rathalos Hammer', 'Martelo', 936, 'Fogo', 10, 2),
('Nergal Crusher', 'Martelo', 988, 'Dragão', -20, 6),
('Barroth Breaker', 'Martelo', 988, 'Nenhum', -20, 15),
('Dragonbone Basher', 'Martelo', 884, 'Dragão', 0, 9),
('Wyvern Jawblade', 'Great Sword', 1008, 'Nenhum', 0, 1),
('Defender Great Sword', 'Great Sword', 912, 'Nenhum', 0, 1),
('Chrome Razor', 'Great Sword', 912, 'Nenhum', 0, 1),
('Rathalos Glinsword', 'Great Sword', 912, 'Fogo', 10, 2),
('Xeno Maliq', 'Great Sword', 912, 'Dragão', 0, 9),
('Empress Sword "Styx"', 'Great Sword', 912, 'Explosão', 10, 8),
('Taroth Sword "Fire"', 'Great Sword', 912, 'Fogo', 10, 23),
('Jagras Hacker', 'Great Sword', 1008, 'Nenhum', 0, 1),
('Taroth Axe "Paralysis"', 'Switch Axe', 756, 'Paralisia', 0, 23),
('Empress Axe "Styx"', 'Switch Axe', 756, 'Explosão', 10, 8),
('Xeno Shmaena', 'Switch Axe', 756, 'Dragão', 0, 9),
('Rathalos Gleamsword', 'Switch Axe', 756, 'Fogo', 10, 2),
('Diablos Tyrannis', 'Switch Axe', 756, 'Nenhum', -25, 4),
('Nergal Reaver', 'Switch Axe', 756, 'Dragão', -20, 6),
('Dragonbone Slicer', 'Switch Axe', 756, 'Dragão', 0, 9),
('Jagras Raider', 'Switch Axe', 756, 'Nenhum', 0, 1),
('Fire and Ice', 'Duas Espadas', 252, 'Fogo/Gelo', 10, 2),
('Bazelhawk Rookslayer', 'Duas Espadas', 252, 'Explosão', 10, 19),
('Zirael', 'Duas Espadas', 252, 'Nenhum', 0, 1),
('Decimation Claws', 'Duas Espadas', 252, 'Dragão', -20, 6),
('Sworn Rapiers', 'Duas Espadas', 252, 'Nenhum', 0, 1),
('Empress Daggers "Styx"', 'Duas Espadas', 252, 'Explosão', 10, 8),
('Kulve Taroth Dual Blades', 'Duas Espadas', 252, 'Fogo', 10, 23),
('Fatalis Dual Skies', 'Duas Espadas', 252, 'Dragão', 0, 46),
('Metal Bagpipe', 'Hunting Horn', 798, 'Nenhum', 0, 1),
('Fortissimo', 'Hunting Horn', 798, 'Nenhum', 0, 1),
('Raven Shamisen', 'Hunting Horn', 798, 'Nenhum', 0, 6),
('Thunder Gaida', 'Hunting Horn', 798, 'Trovão', 0, 14),
('Kulu Duda', 'Hunting Horn', 798, 'Nenhum', 0, 13),
('Laguna Drum', 'Hunting Horn', 798, 'Água', 0, 16),
('Hidden Harmonic', 'Hunting Horn', 798, 'Paralisia', 0, 6);

INSERT INTO Itens (nome, categoria, raridade) VALUES
('Potion', 'Consumível', 1),
('Mega Potion', 'Consumível', 2),
('Max Potion', 'Consumível', 3),
('Ancient Potion', 'Consumível', 4),
('Antidote', 'Consumível', 1),
('Herbal Medicine', 'Consumível', 2),
('Nulberry', 'Consumível', 1),
('Energy Drink', 'Consumível', 2),
('Ration', 'Consumível', 1),
('Well-done Steak', 'Consumível', 1),
('Cool Drink', 'Consumível', 2),
('Hot Drink', 'Consumível', 2),
('Nutrients', 'Consumível', 2),
('Mega Nutrients', 'Consumível', 3),
('Immunizer', 'Consumível', 3),
('Astera Jerky', 'Consumível', 2),
('Dash Juice', 'Consumível', 3),
('Might Seed', 'Consumível', 2),
('Demondrug', 'Consumível', 3),
('Mega Demondrug', 'Consumível', 4),
('Might Pill', 'Consumível', 4),
('Adamant Seed', 'Consumível', 2),
('Armorskin', 'Consumível', 3),
('Mega Armorskin', 'Consumível', 4),
('Adamant Pill', 'Consumível', 4),
('Lifepowder', 'Consumível', 3),
('Dust of Life', 'Consumível', 4),
('Herbal Powder', 'Consumível', 3),
('Demon Powder', 'Consumível', 3),
('Hardshell Powder', 'Consumível', 3),
('Honey', 'Material', 1),
('Herb', 'Material', 1),
('Antidote Herb', 'Material', 1),
('Fire Herb', 'Material', 1),
('Flowfern', 'Material', 1),
('Snow Herb', 'Material', 1),
('Sleep Herb', 'Material', 1),
('Ivy', 'Material', 1),
('Hot Pepper', 'Material', 1),
('Gloamgrass Bud', 'Material', 2),
('Smokenut', 'Material', 1),
('Dragonfell Berry', 'Material', 2),
('Blue Mushroom', 'Material', 3),
('Poison Knife', 'Consumível', 2),
('EZ Shock Trap', 'Consumível', 3),
('Dragon Pod', 'Consumível', 3),
('Cannon Ammo', 'Consumível', 4),
('EZ Tranq Bomb', 'Consumível', 3),
('EZ Hardshell Powder', 'Consumível', 4),
('Capture Net', 'Consumível', 4);

INSERT INTO Quests (nome, tipo, id_monstro, quantidade, tempo_maximo) VALUES
('Baptism by Ice', 'Principal', 26, 1, 50),
('Banbaro Blockade', 'Principal', 25, 1, 50),
('Ready to Strike', 'Principal', 14, 1, 50),
('No Time for Naps', 'Principal', 39, 1, 50),
('Play Both Ends', 'Principal', 13, 1, 50),
('Blizzard Blitz', 'Principal', 5, 1, 50),
('Ever-present Shadow', 'Principal', 27, 1, 50),
('The Scorching Blade', 'Principal', 28, 1, 50),
('Absolute Power', 'Principal', 9, 1, 50),
('A Smashing Cross Counter', 'Principal', 29, 1, 50),
('A Tale of Ice and Fire', 'Principal', 24, 1, 50),
('When the Mist Taketh You', 'Principal', 5, 1, 50),
('The Thunderous Troublemaker!', 'Principal', 37, 1, 50),
('The Disintegrating Blade', 'Principal', 38, 1, 50),
('Bad Friends, Great Enemies', 'Principal', 40, 1, 50),
('The Defense of Seliana', 'Principal', 24, 1, 50),
('The Red Dragon', 'Principal', 44, 1, 50),
('The Last White Knight', 'Principal', 45, 1, 50),
('The Black Dragon', 'Principal', 46, 1, 50),
('The Eternal Gold Rush', 'Principal', 23, 1, 50),
('The Moon is a Harsh Mistress', 'Investigação', 30, 1, 50),
('The Blazing Sun', 'Investigação', 8, 1, 50),
('The Storm Bringer', 'Investigação', 7, 1, 50),
('The Infernal Monarchy', 'Investigação', 8, 1, 50),
('The Heralds of Destruction Cry', 'Investigação', 6, 1, 50),
('The Deathly Quiet Curtain', 'Investigação', 11, 1, 50),
('The Eye of the Storm', 'Investigação', 7, 1, 50),
('The Sapphire Star\'s Guidance', 'Investigação', 29, 1, 50),
('The Thronetaker', 'Investigação', 30, 1, 50),
('Showdown: the Muck and the Maul', 'Investigação', 15, 2, 45),
('A Visitor from Eorzea', 'Investigação', 22, 1, 50),
('The White Winds of the New World', 'Investigação', 9, 1, 50),
('The Sapphire Star\'s Guidance', 'Investigação', 9, 1, 50),
('The Fury of El Dorado', 'Opcional', 23, 1, 50),
('A Light Upon the River’s Gloom', 'Opcional', 9, 1, 50),
('The White Winds of the New World', 'Opcional', 32, 1, 50),
('The Deathly Quiet', 'Opcional', 11, 1, 50),
('The Eye of the Wind Dragon', 'Opcional', 7, 1, 50),
('A Visitor from Old World', 'Opcional', 22, 1, 50),
('The Platinum Winds of the New World', 'Opcional', 9, 8, 50),
('The Fury', 'Opcional', 23, 1, 50),
('The White Wings of the New World', 'Opcional', 9, 1, 50),
('To The Guided', 'Principal', 20, 1, 50),
('A Paean', 'Principal', 20, 1, 50),
('Special Arena: HR Pink Rathian', 'Opcional', 36, 1, 50), 
('Special Arena: HR Legiana', 'Opcional', 5, 1, 50),
('Special Arena: HR Odogaron', 'Opcional', 12, 1, 50), 
('One for the History Books', 'Principal', 6, 1, 50), 
('Radobaan Roadblock', 'Principal', 18, 1, 50), 
('Troubled Troupers', 'Opcional', 13, 1, 50),
('Tickled Pink', 'Opcional', 19, 1, 50);

INSERT INTO Armaduras (nome, tipo, defesa, resistencia_elemental, habilidades, id_monstro) VALUES
('Anja Helm α', 'Elmo', 72, 'Fogo', 'Ataque Boost', 1),
('Rathalos Helm α', 'Elmo', 72, 'Fogo', 'Ataque Boost', 2),
('Diablos Helm α', 'Elmo', 72, 'Gelo', 'Ataque Boost', 4),
('Legiana Helm α', 'Elmo', 72, 'Gelo', 'Critical Eye', 5),
('Nergigante Helm α', 'Elmo', 72, 'Dragão', 'Agitator', 6),
('Kushala Helm α', 'Elmo', 72, 'Vento', 'Evade Window', 7),
('Teostra Helm α', 'Elmo', 72, 'Fogo', 'Masters Touch', 8),
('Xeno Helm α', 'Elmo', 72, 'Dragão', 'Power Prolonger', 9),
('Zorah Helm α', 'Elmo', 72, 'Fogo', 'Artillery', 10),
('Vaal Helm α', 'Elmo', 72, 'Dragão', 'Super Recovery', 11),
('Anja Mail α', 'Armadura', 72, 'Fogo', 'Ataque Boost', 1),
('Rathalos Mail α', 'Armadura', 72, 'Fogo', 'Ataque Boost', 2),
('Diablos Mail α', 'Armadura', 72, 'Gelo', 'Ataque Boost', 4),
('Legiana Mail α', 'Armadura', 72, 'Gelo', 'Critical Eye', 5),
('Nergigante Mail α', 'Armadura', 72, 'Dragão', 'Agitator', 6),
('Kushala Mail α', 'Armadura', 72, 'Vento', 'Evade Window', 7),
('Teostra Mail α', 'Armadura', 72, 'Fogo', 'Master\'s Touch', 8),
('Xeno Mail α', 'Armadura', 72, 'Dragão', 'Power Prolonger', 9),
('Zorah Mail α', 'Armadura', 72, 'Fogo', 'Artillery', 10),
('Vaal Mail α', 'Armadura', 72, 'Dragão', 'Super Recovery', 11),
('Anja Vambraces α', 'Avambraços', 72, 'Fogo', 'Ataque Boost', 1),
('Rathalos Vambraces α', 'Avambraços', 72, 'Fogo', 'Ataque Boost', 2),
('Diablos Vambraces α', 'Avambraços', 72, 'Gelo', 'Ataque Boost', 4),
('Legiana Vambraces α', 'Avambraços', 72, 'Gelo', 'Critical Eye', 5),
('Nergigante Vambraces α', 'Avambraços', 72, 'Dragão', 'Agitator', 6),
('Kushala Vambraces α', 'Avambraços', 72, 'Vento', 'Evade Window', 7),
('Teostra Vambraces α', 'Avambraços', 72, 'Fogo', 'Master\'s Touch', 8),
('Xeno Vambraces α', 'Avambraços', 72, 'Dragão', 'Power Prolonger', 9),
('Zorah Vambraces α', 'Avambraços', 72, 'Fogo', 'Artillery', 10),
('Vaal Vambraces α', 'Avambraços', 72, 'Dragão', 'Super Recovery', 11),
('Anja Coil α', 'Cinto', 72, 'Fogo', 'Ataque Boost', 1),
('Rathalos Coil α', 'Cinto', 72, 'Fogo', 'Ataque Boost', 2),
('Diablos Coil α', 'Cinto', 72, 'Gelo', 'Ataque Boost', 4),
('Legiana Coil α', 'Cinto', 72, 'Gelo', 'Critical Eye', 5),
('Nergigante Coil α', 'Cinto', 72, 'Dragão', 'Agitator', 6),
('Kushala Coil α', 'Cinto', 72, 'Vento', 'Evade Window', 7),
('Teostra Coil α', 'Cinto', 72, 'Fogo', 'Masters Touch', 8),
('Xeno Coil α', 'Cinto', 72, 'Dragão', 'Power Prolonger', 9),
('Zorah Coil α', 'Cinto', 72, 'Fogo', 'Artillery', 10),
('Vaal Coil α', 'Cinto', 72, 'Dragão', 'Super Recovery', 11),
('Anja Greaves α', 'Grevas', 72, 'Fogo', 'Ataque Boost', 1),
('Rathalos Greaves α', 'Grevas', 72, 'Fogo', 'Ataque Boost', 2),
('Diablos Greaves α', 'Grevas', 72, 'Gelo', 'Ataque Boost', 4),
('Legiana Greaves α', 'Grevas', 72, 'Gelo', 'Critical Eye', 5),
('Nergigante Greaves α', 'Grevas', 72, 'Dragão', 'Agitator', 6),
('Kushala Greaves α', 'Grevas', 72, 'Vento', 'Evade Window', 7),
('Teostra Greaves α', 'Grevas', 72, 'Fogo', 'Masters Touch', 8),
('Xeno Greaves α', 'Grevas', 72, 'Dragão', 'Power Prolonger', 9),
('Zorah Greaves α', 'Grevas', 72, 'Fogo', 'Artillery', 10),
('Vaal Greaves α', 'Grevas', 72, 'Dragão', 'Super Recovery', 11);
